strategy,entry_z,exit_z,lookback_days,entry_pct,exit_band_pp,red_zone,pnl,trades,mdd,win_pct,median_hold_h,hold_gt_48h,red_zone_exits,score
z,0.85,0.65,,,,off,1033460.5849271611,1244,42164.82217010332,86.09324758842443,1.0,89,0,1018702.8971676249
z,0.85,0.6,,,,off,1033279.7576708939,1097,43410.18402055593,88.24065633546034,1.25,93,0,1018086.1932636993
z,0.7,0.5,,,,off,1028649.1532573246,1270,47481.420821905136,85.11811023622047,1.25,100,0,1012030.6559696578
z,0.85,0.7,,,,off,1026566.4495234607,1394,42472.72572623845,83.42898134863701,1.0,90,0,1011700.9955192773
z,0.7,0.45,,,,off,1027918.7354334114,1151,47250.28727025096,87.22849695916594,1.25,98,0,1011381.1348888236
z,0.6,0.4,,,,off,1027283.3976028828,1292,47463.34525556094,85.06191950464397,1.0,104,0,1010671.2267634365
z,0.65,0.4,,,,off,1022960.8010671259,1144,47463.34525556106,88.2867132867133,1.25,103,0,1006348.6302276795
z,0.7,0.4,,,,off,1022477.2376008972,1038,47250.28727025096,89.59537572254335,1.5,100,0,1005939.6370563094
z,0.6,0.35,,,,off,1019902.2493085945,1168,47463.34525556106,87.7568493150685,1.25,102,0,1003290.0784691481
z,0.7,0.55,,,,off,1019777.9077000003,1423,47331.03691969416,82.15038650737878,1.0,98,0,1003212.0447781074
z,0.65,0.5,,,,off,1017974.3128306061,1430,48066.657033498865,83.07692307692308,1.0,103,0,1001150.9828688815
z,0.75,0.5,,,,off,1016785.3130282703,1146,48092.86120553571,86.99825479930192,1.25,99,0,999952.8116063328
z,0.85,0.55,,,,off,1013123.2501015726,989,44276.233049254166,90.09100101112234,1.5,92,0,997626.5685343336
z,0.85,0.5,,,,off,1013076.125220113,906,44334.07569977781,90.83885209713024,1.75,93,0,997559.1987251907
z,0.9,0.7,,,,off,1010798.2681984766,1203,42472.72572623845,85.619285120532,1.0,89,0,995932.8141942932
z,0.65,0.45,,,,off,1012310.3793407107,1281,47463.34525556106,85.48009367681499,1.25,101,0,995698.2085012643
z,0.9,0.65,,,,off,1010260.9308523443,1083,42164.822170103434,88.27331486611266,1.25,88,0,995503.243092808
z,0.55,0.35,,,,off,1011886.326128144,1293,48378.2818994011,85.61484918793504,1.25,104,0,994953.9274633536
z,0.7,0.35,,,,off,1008951.4216588695,947,47250.28727025096,90.60190073917634,1.75,99,0,992413.8211142817
z,0.9,0.6,,,,off,1005347.4417177157,960,43410.18402055593,89.89583333333333,1.5,92,0,990153.8773105211
z,0.65,0.35,,,,off,1006194.2422365089,1041,47463.34525556106,90.10566762728146,1.5,101,0,989582.0713970625
z,0.55,0.4,,,,off,1003874.1407495652,1445,48378.2818994011,82.56055363321799,1.0,106,0,986941.7420847748
z,0.6,0.3,,,,off,1002641.5726319755,1039,47396.44222656451,89.60538979788258,1.5,101,0,986052.8178526779
z,0.5,0.35,,,,off,1002082.7478485912,1450,48717.87106830848,83.44827586206897,1.0,106,0,985031.4929746832
z,0.8,0.6,,,,off,1000128.2820270123,1253,43410.18402055593,85.47486033519553,1.25,96,0,984934.7176198177
z,0.55,0.3,,,,off,1001204.0834365077,1142,47396.44222656451,88.09106830122592,1.5,103,0,984615.3286572101
z,0.75,0.45,,,,off,999100.3289042033,1046,46632.00947420101,88.52772466539197,1.5,97,0,982779.1255882329
z,0.6,0.45,,,,off,997691.2057103676,1457,47463.34525556106,81.7433081674674,1.0,102,0,981079.0348709213
z,0.75,0.55,,,,off,997702.4086629254,1266,47942.47730332473,84.36018957345972,1.25,97,0,980922.5416067617
z,0.65,0.55,,,,off,996009.8341704077,1622,47916.27313128789,78.97657213316893,0.75,100,0,979239.138574457
z,0.5,0.3,,,,off,994606.0180505946,1264,47396.44222656451,86.07594936708861,1.25,105,0,978017.263271297
z,0.75,0.4,,,,off,994128.058671003,949,46632.00947420101,90.30558482613277,1.75,98,0,977806.8553550326
z,0.8,0.5,,,,off,991772.4397438514,1013,44426.61695146514,89.53603158933859,1.5,98,0,976223.1238108387
z,0.85,0.45,,,,off,990649.6874069559,838,42873.22396844311,91.8854415274463,1.875,93,0,975644.0590180007
z,0.8,0.55,,,,off,989076.9314024448,1119,44276.233049254166,87.75692582663092,1.25,96,0,973580.2498352058
z,0.9,0.5,,,,off,985460.5475742043,802,44334.07569977781,91.52119700748129,2.0,92,0,969943.621079282
z,0.7,0.6,,,,off,985868.626721654,1618,47304.26479436958,78.73918417799753,0.75,98,0,969312.1340436246
z,0.9,0.55,,,,off,984186.5732803588,872,44276.233049254166,91.1697247706422,1.75,92,0,968689.8917131198
z,0.65,0.3,,,,off,984891.4717663698,934,47396.44222656451,91.00642398286938,1.75,101,0,968302.7169870721
z,0.75,0.6,,,,off,982617.164548989,1418,47076.428274626494,81.5937940761636,1.0,97,0,966140.4146528698
z,0.8,0.65,,,,off,980090.2643334955,1435,40989.920914267306,82.50871080139373,1.0,91,0,965743.792013502
z,0.6,0.5,,,,off,982566.9209480821,1653,48066.657033498865,78.46339987900787,0.75,103,0,965743.5909863575
z,0.7,0.3,,,,off,981274.4173193158,855,47396.44222656451,91.11111111111111,2.0,100,0,964685.6625400182
z,0.5,0.4,,,,off,980370.3337807468,1629,48717.87106830848,79.31246163290362,1.0,108,0,963319.0789068388
z,0.85,0.4,,,,off,973907.6242196478,768,42873.22396844311,92.44791666666667,2.0,94,0,958901.9958306927
z,0.75,0.35,,,,off,974656.6629828565,870,46632.00947420101,91.03448275862068,1.875,98,0,958335.4596668861
z,0.8,0.45,,,,off,973053.6617008261,930,42965.765220130445,90.3225806451613,1.75,96,0,958015.6438737805
z,0.8,0.4,,,,off,967559.4775787379,850,42965.765220130445,91.41176470588235,1.75,97,0,952521.4597516923
z,0.95,0.65,,,,off,966122.4413733934,935,42164.822170103434,89.41176470588235,1.5,86,0,951364.7536138572
z,0.95,0.7,,,,off,964530.1114044338,1025,42472.72572623845,87.60975609756098,1.25,87,0,949664.6574002504
z,0.55,0.45,,,,off,961595.9805425786,1654,48378.2818994011,78.17412333736397,0.75,104,0,944663.5818777882
z,0.9,0.45,,,,off,955429.7211678547,743,42873.22396844311,92.32839838492598,2.25,93,0,940424.0927788996
z,0.95,0.6,,,,off,954129.7255995476,834,43410.18402055593,90.88729016786571,1.75,88,0,938936.161192353
z,0.85,0.35,,,,off,952428.6575430983,711,42873.22396844311,92.54571026722925,2.5,94,0,937423.0291541432
z,0.8,0.35,,,,off,951097.8002085561,783,42965.765220130445,91.69859514687101,2.0,97,0,936059.7823815105
z,0.8,0.7,,,,off,950305.755327006,1621,41825.737403181265,78.4083898827884,0.75,92,0,935666.7472358926
z,0.75,0.65,,,,off,950865.8341783889,1642,46476.35707665386,78.38002436053593,0.75,93,0,934599.10920156
z,0.9,0.4,,,,off,949370.7543627399,690,42873.22396844311,92.6086956521739,2.5,93,0,934365.1259737847
z,0.75,0.3,,,,off,945779.1944257182,788,47396.44222656451,91.6243654822335,2.25,99,0,929190.4396464205
z,0.95,0.55,,,,off,942299.9070037364,769,44276.233049254166,91.80754226267881,2.25,89,0,926803.2254364974
z,0.65,0.6,,,,off,937897.8107861984,1866,47667.35822323372,73.68703108252947,0.75,101,0,921214.2354080665
z,0.95,0.5,,,,off,935851.3394718434,709,44334.07569977781,92.1015514809591,2.25,89,0,920334.4129769212
z,0.9,0.35,,,,off,926765.9964929704,642,42873.22396844311,92.5233644859813,2.75,93,0,911760.3681040152
z,0.7,0.65,,,,off,927956.3108823737,1894,47590.095525881974,73.23125659978881,0.75,93,0,911299.777448315
z,0.6,0.55,,,,off,927304.9804907528,1900,47916.27313128789,72.26315789473684,0.75,100,0,910534.2848948021
z,0.85,0.3,,,,off,921865.9159953089,649,47303.90097487718,93.37442218798151,2.75,92,0,905309.5506541019
z,0.5,0.45,,,,off,917117.3896536425,1898,48717.87106830848,73.02423603793467,0.75,106,0,900066.1347797345
z,1.0,0.7,,,,off,914597.4877361642,909,41832.92197654117,88.55885588558856,1.5,86,0,899955.9650443748
z,0.55,0.5,,,,off,916605.36496013,1900,48981.59367733891,72.26315789473684,0.75,105,0,899461.8071730613
z,0.8,0.3,,,,off,914095.9955736259,709,47396.44222656451,92.6657263751763,2.5,98,0,897507.2407943283
z,1.0,0.65,,,,off,910556.2172218843,837,41525.01842040615,90.0836320191159,1.75,85,0,896022.4607747422
z,1.0,0.6,,,,off,900705.8708024275,757,43410.18402055593,91.6776750330251,2.0,88,0,885512.3063952329
z,0.95,0.45,,,,off,899892.7609767528,657,42873.22396844311,92.23744292237443,2.5,90,0,884887.1325877977
z,0.75,0.7,,,,off,898377.7600406543,1877,46997.20583281701,72.61587639850826,0.75,95,0,881928.7379991683
z,0.9,0.3,,,,off,898165.3811714003,590,47303.90097487718,92.88135593220339,3.25,91,0,881609.0158301933
z,0.95,0.4,,,,off,885323.0251112777,612,42873.22396844311,92.3202614379085,3.0,90,0,870317.3967223226
z,1.0,0.55,,,,off,883465.4251674387,700,44276.233049254166,91.85714285714286,2.375,88,0,867968.7436001997
z,1.0,0.5,,,,off,880193.4250919254,648,44334.07569977781,92.43827160493827,2.5,88,0,864676.4985970032
z,1.05,0.7,,,,off,861830.334973972,798,41458.45967506291,89.47368421052632,1.75,83,0,847319.8740877
z,1.05,0.65,,,,off,859098.554406972,737,41150.556118927896,90.63772048846675,2.0,82,0,844695.8597653472
z,0.95,0.35,,,,off,859678.4921424864,570,42873.22396844311,92.10526315789474,3.75,91,0,844672.8637535312
z,1.1,0.65,,,,off,854318.1843944391,671,39804.61387583194,91.50521609538004,2.25,80,0,840386.569537898
z,1.1,0.7,,,,off,852416.4513492828,721,40112.51743196696,90.98474341192788,2.0,81,0,838377.0702480943
z,1.0,0.45,,,,off,846134.6872054926,601,42873.22396844311,92.51247920133112,3.0,89,0,831129.0588165375
z,1.05,0.6,,,,off,844168.6533641623,670,43410.18402055593,92.23880597014926,2.25,85,0,828975.0889569677
z,0.85,0.65,,,,always,839019.958632975,1313,29479.193092008238,83.0921553693831,1.25,85,122,828702.2410507721
z,0.95,0.3,,,,off,835801.058200406,528,47303.90097487718,92.61363636363636,4.125,89,0,819244.692859199
z,0.85,0.7,,,,always,827465.885062903,1450,30112.438913915772,80.96551724137932,1.0,82,119,816926.5314430326
z,1.1,0.6,,,,off,830948.2140066826,612,43410.18402055593,92.48366013071896,2.5,82,0,815754.649599488
z,1.05,0.5,,,,off,830687.9515075893,582,44334.07569977781,92.9553264604811,2.875,86,0,815171.025012667
z,1.0,0.4,,,,off,828766.8826951286,561,42873.22396844311,91.97860962566845,3.5,89,0,813761.2543061734
z,1.05,0.55,,,,off,825113.0407205279,624,44276.233049254166,92.3076923076923,2.75,85,0,809616.3591532889
z,1.1,0.5,,,,off,817050.3482759831,534,44334.07569977781,92.50936329588015,3.375,84,0,801533.4217810609
z,1.1,0.55,,,,off,815976.5816765375,574,44276.233049254166,92.33449477351917,3.25,83,0,800479.9001092985
z,0.65,0.4,,,,always,813007.0111583585,1239,39370.307699664176,83.85794995964487,1.5,95,153,799227.4034634761
z,0.85,0.6,,,,always,810521.9022667069,1180,33452.81390004058,83.98305084745763,1.5,90,140,798813.4174016927
z,1.0,0.35,,,,off,812519.5422740316,526,42873.22396844311,91.82509505703422,4.375,90,0,797513.9138850764
z,0.65,0.35,,,,always,802221.5831111794,1144,36757.34502974714,84.52797202797203,1.75,95,155,789356.512350768
z,0.65,0.45,,,,always,802510.1630813053,1361,39488.68891094116,81.9250551065393,1.25,91,141,788689.1219624759
z,1.05,0.45,,,,off,797339.3096183487,543,42873.22396844311,93.00184162062615,3.25,86,0,782333.6812293936
z,0.65,0.5,,,,always,795422.4327673243,1496,37468.99386744006,80.4144385026738,1.0,90,134,782308.2849137202
z,0.85,0.5,,,,always,790297.9037804643,1006,33638.096642841,84.49304174950298,2.0,98,151,778524.5699554699
z,1.05,0.4,,,,off,791346.8340287205,512,42873.22396844311,92.3828125,4.0,87,0,776341.2056397654
z,0.85,0.55,,,,always,787196.149348855,1081,32667.687846189132,84.18131359851989,1.75,94,145,775762.4586026889
z,0.6,0.4,,,,always,786149.8725745279,1373,39098.75633785472,81.42753095411507,1.25,105,149,772465.3078562787
z,1.0,0.3,,,,off,788865.9183224229,490,47303.90097487718,92.44897959183673,4.75,86,0,772309.5529812159
z,0.65,0.3,,,,always,783671.478910416,1046,37505.7968057183,84.1300191204589,2.25,103,166,770544.4500284146
z,1.1,0.4,,,,off,785546.6019257304,474,42873.22396844311,92.19409282700423,4.625,85,0,770540.9735367752
z,0.85,0.45,,,,always,780824.0308739031,948,34335.87672785955,84.28270042194093,2.375,102,155,768806.4740191522
z,0.75,0.5,,,,always,777160.5838551825,1236,33096.22441056272,82.92880258899676,1.5,97,144,765576.9053114855
z,1.1,0.45,,,,off,780245.0466832813,500,42873.22396844311,92.8,3.75,84,0,765239.4182943262
z,1.05,0.35,,,,off,775975.9148454012,480,42873.22396844311,92.29166666666667,4.75,89,0,760970.286456446
z,0.6,0.35,,,,always,771969.4197994695,1259,37786.217639123584,82.84352660841938,1.5,109,153,758744.2436257763
z,0.7,0.5,,,,always,769577.5428965563,1349,33025.65095311543,81.5418828762046,1.25,97,141,758018.565062966
z,1.1,0.35,,,,off,773014.761061989,446,42873.22396844311,92.152466367713,5.75,86,0,758009.1326730339
z,0.55,0.35,,,,always,773139.2660779718,1371,45191.70334129961,81.69219547775346,1.25,104,145,757322.1699085169
z,0.7,0.45,,,,always,768724.2680176871,1244,36550.68676721555,82.47588424437299,1.5,98,147,755931.5276491616
z,0.7,0.4,,,,always,767931.809777214,1145,36550.68676721555,83.75545851528385,1.75,101,160,755139.0694086885
z,0.9,0.7,,,,always,765931.9368283866,1266,33883.09919485438,82.5434439178515,1.25,93,121,754072.8521101876
z,0.85,0.4,,,,always,760200.054157868,888,34335.87672785955,83.10810810810811,2.75,105,168,748182.4973031172
z,0.6,0.3,,,,always,762027.9335910236,1139,41151.771677107725,83.49429323968393,1.75,114,163,747624.8135040358
z,0.75,0.45,,,,always,760320.7654211166,1148,36550.68676721555,83.27526132404181,1.75,101,152,747528.0250525911
z,0.9,0.65,,,,always,759252.2654993676,1155,33883.09919485438,84.32900432900433,1.5,99,126,747393.1807811686
z,0.5,0.35,,,,always,760951.3924781716,1516,40414.94761286964,80.14511873350924,1.0,100,142,746806.1608136672
z,0.65,0.55,,,,always,758982.3272693272,1669,39964.48650454017,77.11204313960455,0.75,83,127,744994.7569927382
z,0.5,0.3,,,,always,759335.8355867914,1343,45606.06554788613,81.7572598659717,1.25,108,154,743373.7126450313
z,0.55,0.4,,,,always,758889.6655491907,1509,46284.74849767261,79.78793903247184,1.0,100,142,742690.0035750053
z,0.7,0.35,,,,always,752780.4601603218,1056,36550.68676721555,83.99621212121212,2.0,104,159,739987.7197917963
z,0.7,0.55,,,,always,749472.4916014847,1484,33327.059541514056,79.24528301886792,1.0,95,134,737808.0207619548
z,0.6,0.5,,,,always,751819.2336192281,1703,40367.54129748867,76.45331767469172,0.75,95,132,737690.5941651071
z,0.55,0.3,,,,always,754824.3479046182,1229,49546.66104622575,82.99430431244915,1.5,111,156,737483.0165384392
z,0.9,0.5,,,,always,748446.4098842514,906,33883.09919485438,84.21633554083886,2.5,107,150,736587.3251660524
z,1.05,0.3,,,,off,753116.4259567932,451,47303.90097487718,92.46119733924613,5.0,84,0,736560.0606155862
z,0.85,0.35,,,,always,747141.9516702922,840,34335.87672785955,82.02380952380952,3.75,111,172,735124.3948155413
z,0.9,0.6,,,,always,744752.4591616697,1044,33883.09919485438,84.57854406130268,1.75,104,139,732893.3744434707
z,0.6,0.45,,,,always,747114.6113653167,1525,42074.56632204729,78.88524590163935,1.0,103,141,732388.5131526001
z,1.1,0.3,,,,off,747987.4187096509,418,47303.90097487718,92.58373205741627,5.375,81,0,731431.0533684439
z,0.95,0.65,,,,always,741880.155626359,1016,51132.74933179922,84.64566929133858,1.75,97,124,723983.6933602294
z,0.95,0.7,,,,always,741449.9406535175,1097,51204.83218424185,83.77392889699179,1.5,93,118,723528.2493890328
z,0.8,0.65,,,,always,734661.8932415249,1496,32431.680847912212,80.1470588235294,1.0,82,127,723310.8049447556
z,0.9,0.55,,,,always,732201.076348446,968,33883.09919485438,84.0909090909091,2.25,107,146,720341.991630247
z,0.95,0.6,,,,always,735826.020902015,924,47676.036973183276,84.74025974025975,2.25,99,130,719139.4079614009
z,0.75,0.55,,,,always,730262.457337923,1345,33096.22441056272,80.74349442379182,1.25,92,144,718678.778794226
z,0.9,0.45,,,,always,730477.497308621,861,33883.09919485438,83.73983739837398,3.0,115,160,718618.412590422
z,0.85,0.3,,,,always,730270.0626119527,790,35362.185620427364,80.75949367088607,4.75,116,186,717893.2976448031
z,0.75,0.4,,,,always,729972.4541855778,1064,36550.68676721555,83.55263157894737,2.0,104,166,717179.7138170523
z,0.9,0.4,,,,always,728632.9734230668,819,33883.09919485438,82.41758241758242,3.5,117,170,716773.8887048678
z,0.8,0.6,,,,always,729674.0082579589,1328,38868.85364183725,82.37951807228916,1.25,87,138,716069.9094833159
z,0.8,0.5,,,,always,725865.6420975245,1110,32229.82692350261,84.41441441441441,1.75,94,152,714585.2026742985
z,0.7,0.3,,,,always,726742.6989108494,976,37285.2992153028,83.09426229508196,2.75,111,174,713692.8441854934
z,0.75,0.6,,,,always,725142.682231273,1487,35915.43804811398,79.01815736381977,1.0,89,135,712572.2789144331
z,0.5,0.4,,,,always,720973.9743488254,1678,40981.32350347692,77.17520858164481,1.0,97,141,706630.5111226084
z,1.0,0.7,,,,always,721773.2434676971,985,46229.254930378636,84.16243654822335,1.75,102,114,705593.0042420645
z,0.7,0.6,,,,always,715916.7197184061,1668,36146.27317906532,76.79856115107914,0.75,94,128,703265.5241057333
z,0.75,0.35,,,,always,710883.5918660385,991,36550.68676721549,82.9465186680121,2.25,110,172,698090.8514975131
z,0.9,0.35,,,,always,706845.0936346141,779,33883.09919485438,81.51476251604622,4.75,123,176,694986.0089164152
z,0.8,0.45,,,,always,705900.144980313,1036,34335.87672785955,84.07335907335907,2.0,98,157,693882.5881255622
z,0.95,0.55,,,,always,711068.361565602,869,49518.950542595936,83.77445339470655,2.75,105,142,693736.7288756934
z,0.8,0.55,,,,always,706448.2991116788,1206,38083.727587985806,83.33333333333333,1.5,93,147,693118.9944558839
z,1.0,0.65,,,,always,706062.8147046441,922,46229.25493037875,84.49023861171366,2.25,108,121,689882.5754790116
z,0.75,0.65,,,,always,699586.5896924501,1693,35792.847260818875,76.43236857649144,0.75,86,127,687059.0931511635
z,0.8,0.4,,,,always,699033.7681271435,967,34335.87672785955,83.66080661840745,2.25,103,170,687016.2112723927
z,0.65,0.6,,,,always,701981.6634949562,1896,45494.0656862561,72.415611814346,0.75,83,121,686058.7405047666
z,0.6,0.55,,,,always,701437.8400945667,1921,45088.29146207412,71.05674128058303,0.75,86,122,685656.9380828408
z,0.8,0.7,,,,always,696956.6498599515,1667,32959.59378069127,76.66466706658669,0.75,80,123,685420.7920367095
z,0.95,0.5,,,,always,701994.4865666194,819,51575.82735466608,83.27228327228327,3.25,109,150,683942.9469924862
z,1.0,0.6,,,,always,699183.2673039128,847,46229.25493037875,84.6517119244392,2.75,110,124,683003.0280782803
z,0.75,0.3,,,,always,695711.3899396535,926,37285.2992153028,81.74946004319655,3.0,113,187,682661.5352142975
z,0.85,0.7,,,,losing,700346.651048898,1344,61644.70156498615,79.6875,1.0,74,109,678771.0055011528
z,1.0,0.5,,,,always,691433.8710574514,748,46229.25493037875,83.82352941176471,3.625,118,131,675253.6318318188
z,0.85,0.65,,,,losing,696664.4552468954,1214,62335.89645490171,81.46622734761121,1.25,76,112,674846.8914876798
z,0.8,0.35,,,,always,683724.5520533852,909,34335.87672785955,82.72827282728272,2.75,109,176,671706.9951986343
z,0.55,0.45,,,,always,687766.0230401577,1702,50201.51841906906,76.02820211515863,0.75,100,134,670195.4915934836
z,1.0,0.55,,,,always,685757.1418457986,795,46229.25493037875,84.0251572327044,3.25,115,128,669576.9026201661
z,0.9,0.3,,,,always,677598.1890092583,736,34408.43772351954,79.7554347826087,5.375,132,190,665555.2358060265
z,0.7,0.65,,,,always,675645.8255966997,1919,37612.951642844244,71.75612298071913,0.75,86,116,662481.2925217042
z,0.8,0.3,,,,always,672269.8534655942,846,34864.81783601249,81.7966903073286,3.75,116,188,660067.1672229898
z,1.05,0.7,,,,always,671365.1007315611,870,42381.242251176736,84.59770114942529,2.25,104,111,656531.6659436492
z,0.95,0.45,,,,always,673778.6691093476,775,51618.18486923585,82.58064516129032,3.75,113,154,655712.3044051151
z,1.0,0.45,,,,always,664999.140100904,710,46229.254930378636,82.8169014084507,4.5,127,138,648818.9008752715
z,1.05,0.65,,,,always,662585.873942648,818,42381.242251176736,84.71882640586797,2.5,111,117,647752.4391547361
z,1.1,0.7,,,,always,651486.923427593,799,33920.40478176504,84.60575719649562,2.5,105,116,639614.7817539752
z,0.95,0.4,,,,always,656347.9480384942,737,48220.55546819966,81.13975576662143,4.75,115,164,639470.7536246243
z,1.05,0.6,,,,always,650513.5870747797,758,43031.52698156936,84.69656992084433,3.25,115,123,635452.5526312304
z,0.75,0.7,,,,always,646866.1052337255,1907,34749.36011711124,71.10644992134242,0.75,83,121,634703.8291927365
z,1.1,0.65,,,,always,645760.1039035966,758,33462.9926470503,83.64116094986808,2.875,112,123,634048.056477129
z,1.0,0.4,,,,always,649087.8228706716,675,46229.254930378636,81.77777777777777,5.5,132,144,632907.5836450391
z,0.95,0.35,,,,always,645918.2565864081,704,47796.95838945429,79.82954545454545,5.875,122,170,629189.3211500992
z,0.55,0.5,,,,always,643131.356280141,1926,49112.27823073405,70.76843198338526,0.75,99,127,625942.0588993841
z,1.0,0.35,,,,always,636886.760735038,647,46229.254930378636,80.52550231839258,7.75,138,149,620706.5215094055
z,1.05,0.5,,,,always,635365.2374558598,679,43216.809724369785,82.9160530191458,4.5,124,135,620239.3540523304
z,1.1,0.6,,,,always,628954.8107583264,707,34041.62862058787,83.45120226308345,3.75,116,128,617040.2407411207
z,0.5,0.45,,,,always,630355.6576365392,1925,45062.60484134927,71.11688311688312,0.75,96,135,614583.745942067
z,1.05,0.55,,,,always,628498.5763824736,717,42246.400927717914,83.54253835425384,3.75,119,130,613712.3360577723
z,0.95,0.3,,,,always,633532.7363363984,673,56886.115355109214,78.45468053491828,8.0,131,182,613622.5959621102
z,0.85,0.6,,,,losing,634753.6829637744,1083,61156.114119849866,81.90212373037858,1.5,81,129,613349.043021827
z,1.0,0.3,,,,always,622472.7984121372,620,48207.0365899367,79.19354838709677,10.25,146,157,605600.3356056594
z,0.75,0.5,,,,losing,625072.2923119852,1126,60024.954830148985,81.43872113676731,1.375,83,127,604063.558121433
z,0.85,0.55,,,,losing,623292.459948732,996,59243.88895976028,82.1285140562249,1.75,85,133,602557.098812816
z,1.1,0.55,,,,always,612089.7279358876,674,33218.50111840974,81.89910979228486,4.5,123,137,600463.2525444443
z,1.1,0.5,,,,always,611778.0161715576,639,33558.86134853179,81.0641627543036,5.75,129,143,600032.4146995714
z,0.9,0.7,,,,losing,622520.9146635719,1160,66284.06741135889,81.03448275862068,1.25,82,110,599321.4910695963
z,1.05,0.45,,,,always,604508.7631451912,647,43216.809724369785,82.07109737248841,5.75,129,140,589382.8797416618
z,0.85,0.5,,,,losing,604909.0277788418,918,62205.729099408956,81.91721132897604,2.0,89,136,583137.0225940486
z,1.05,0.4,,,,always,596673.7025917555,621,43216.809724369785,80.99838969404186,8.0,134,145,581547.8191882261
z,1.0,0.7,,,,losing,603847.5241552234,907,65790.56626686666,83.02094818081588,1.75,91,103,580820.8259618201
z,0.9,0.65,,,,losing,603492.1263135422,1055,66975.26230127444,82.55924170616113,1.5,87,114,580050.7845080962
z,0.7,0.5,,,,losing,597473.9615774606,1219,56722.15511406872,80.31173092698934,1.25,84,124,577621.2072875366
z,0.95,0.7,,,,losing,600012.3337334618,1003,64169.66246593017,82.45264207377866,1.5,84,108,577552.9518703863
z,0.65,0.5,,,,losing,596724.3400372252,1321,56294.79049032987,79.48523845571536,1.0,79,120,577021.1633656097
z,0.8,0.65,,,,losing,597089.2614747653,1372,60037.417729361165,78.57142857142857,1.0,72,114,576076.1652694888
z,0.85,0.45,,,,losing,593740.6539045444,864,58843.98783613693,81.59722222222223,2.25,92,140,573145.2581618965
z,1.1,0.4,,,,always,579428.5771944454,590,34862.03374794408,78.98305084745763,9.75,137,155,567226.865382665
z,0.7,0.45,,,,losing,587006.2709662563,1119,57544.614718207566,81.05451295799821,1.5,84,129,566865.6558148836
z,1.05,0.35,,,,always,580633.6456380853,596,43216.809724369785,79.53020134228188,10.25,141,153,565507.7622345559
z,0.65,0.45,,,,losing,583992.3239120472,1195,57396.62954182953,80.75313807531381,1.25,81,126,563903.5035724068
z,0.95,0.65,,,,losing,584570.0255189873,927,64401.406551101616,82.95577130528586,1.75,87,113,562029.5332261018
z,0.8,0.7,,,,losing,581551.0389587098,1542,58276.98813921898,75.42153047989623,0.75,71,111,561154.0931099831
z,1.1,0.45,,,,always,573100.8761059804,612,35297.626578924945,80.06535947712419,6.75,133,149,560746.7068033566
z,0.75,0.6,,,,losing,580503.2568609891,1362,59110.17716367649,77.45961820851689,1.0,75,121,559814.6948537023
z,0.75,0.55,,,,losing,578191.8434903027,1231,55197.70700022266,79.20389926888708,1.25,78,128,558872.6460402247
z,0.95,0.6,,,,losing,580801.2553533713,847,63593.27135292192,83.3530106257379,2.25,90,117,558543.6103798486
z,1.1,0.35,,,,always,569953.3302979503,568,34356.04862702859,77.8169014084507,10.75,141,160,557928.7132784904
z,1.05,0.3,,,,always,572314.8365921852,576,43216.809724369785,78.125,11.0,148,162,557188.9531886558
z,1.0,0.65,,,,losing,576422.5517325347,847,67902.01265310345,82.99881936245572,2.25,96,109,552656.8473039485
z,0.65,0.4,,,,losing,573257.9851127601,1078,59633.35172322679,81.3543599257885,1.5,85,136,552386.3120096307
z,0.7,0.55,,,,losing,567800.4770561601,1344,56072.54073885261,77.60416666666667,1.0,83,119,548175.0877975617
z,1.0,0.6,,,,losing,570653.4716456764,781,64736.49756665193,83.22663252240717,2.75,98,112,547995.6974973482
z,0.75,0.45,,,,losing,566604.4921672203,1029,60627.39959536784,81.24392614188532,1.75,87,134,545384.9023088416
z,0.85,0.4,,,,losing,565885.6958063655,808,59446.77530604476,80.07425742574257,2.75,95,150,545079.3244492498
z,0.65,0.55,,,,losing,564618.9571875678,1478,56294.79049032988,75.77807848443842,0.75,72,114,544915.7805159524
z,0.75,0.65,,,,losing,565178.259359734,1547,60140.22931508299,75.04848093083388,0.75,73,113,544129.179099455
z,0.7,0.4,,,,losing,562955.8484237248,1021,64053.69999051809,81.48873653281098,1.75,86,141,540537.0534270434
z,0.9,0.6,,,,losing,563611.95386455,948,66611.70827528342,82.48945147679325,1.75,92,125,540297.8559682008
z,1.1,0.3,,,,always,552505.9019520879,548,38815.00179173364,76.27737226277372,11.5,147,166,538920.6513249811
z,1.0,0.5,,,,losing,554628.2691250175,688,63409.303930220565,81.8313953488372,3.5,104,117,532435.0127494403
z,0.9,0.55,,,,losing,553439.9744719488,881,63632.00170067472,82.06583427922816,2.25,96,130,531168.7738767127
z,0.95,0.55,,,,losing,550919.994127264,795,59726.40115961823,82.0125786163522,3.0,96,127,530015.7537213976
z,0.8,0.5,,,,losing,549598.7828157026,1007,57083.10523970975,82.12512413108243,1.75,83,135,529619.6959818042
z,0.6,0.5,,,,losing,550241.7576382664,1507,65997.0512023456,75.51426675514267,0.75,85,120,527142.7897174455
z,0.8,0.6,,,,losing,546496.0738376932,1207,57517.274488902694,80.19884009942005,1.25,77,125,526365.0277665772
z,1.0,0.55,,,,losing,546877.476112244,732,61549.825311431894,82.24043715846994,3.25,102,115,525335.0372532428
z,0.8,0.55,,,,losing,541544.4976183345,1096,55075.64279618762,81.56934306569343,1.5,82,129,522268.02263966884
z,0.7,0.6,,,,losing,542881.4990958731,1511,59200.71695509463,75.11581733951026,0.75,81,115,522161.24816158996
z,0.9,0.5,,,,losing,543912.3981359678,818,65594.88908716009,81.54034229828851,2.5,94,134,520954.18695546174
z,0.95,0.5,,,,losing,542432.6106466849,749,61585.87977840689,81.04138851802404,3.25,100,132,520877.5527242425
z,0.6,0.4,,,,losing,543550.5200315528,1195,66507.854040161,79.07949790794979,1.25,94,133,520272.7711174964
z,0.55,0.35,,,,losing,540901.604410035,1189,65224.803041049374,79.81497056349873,1.25,92,131,518072.92334566766
z,0.7,0.65,,,,losing,536709.2862531592,1745,57079.68465180543,70.54441260744986,0.75,74,104,516731.3966250273
z,0.5,0.35,,,,losing,536615.5505819834,1311,58287.177541519326,78.56598016781084,1.0,88,129,516215.0384424516
z,0.6,0.35,,,,losing,539128.1281108572,1098,66471.4281998873,80.8743169398907,1.5,96,136,515863.1282408967
z,0.75,0.7,,,,losing,533808.2573062637,1759,59962.27620259907,69.86924388857305,0.75,71,108,512821.460635354
z,1.05,0.7,,,,losing,536048.8663449462,798,69167.1942991116,82.95739348370927,2.25,94,102,511840.34834025713
z,0.6,0.45,,,,losing,533068.0807332811,1343,65168.98291227254,77.36411020104244,1.0,91,128,510258.9367139857
z,0.65,0.6,,,,losing,522786.17079702567,1680,56294.79049032988,71.07142857142857,0.75,72,109,503082.9941254102
z,1.1,0.7,,,,losing,525518.6797281153,735,67327.53561978915,83.40136054421768,2.5,94,104,501954.04226118914
z,0.55,0.4,,,,losing,513978.81009989895,1309,66512.61563188437,77.6165011459129,1.0,88,129,490699.39462873945
z,0.6,0.55,,,,losing,511123.2251009228,1705,60465.116841303265,69.91202346041055,0.75,76,110,489960.43420646666
z,1.05,0.65,,,,losing,514342.6301747658,747,71754.87869369004,82.86479250334672,2.75,99,106,489228.42263197433
z,0.75,0.4,,,,losing,511210.1386247141,940,66089.85156371264,80.74468085106383,2.0,90,147,488078.6905774147
z,0.6,0.3,,,,losing,508881.9038179371,978,67975.66022905734,81.18609406952966,1.75,98,140,485090.42273776705
z,0.55,0.3,,,,losing,505737.5506070241,1045,63433.591680848884,80.47846889952153,1.5,96,136,483535.793518727
z,0.5,0.3,,,,losing,503474.8422949796,1140,58854.553176299116,79.29824561403508,1.5,92,137,482875.7486832749
z,1.1,0.65,,,,losing,506787.5704283953,695,69915.2200143676,82.01438848920863,3.0,99,110,482317.2434233666
z,1.05,0.6,,,,losing,505559.6307819351,694,71769.95147973661,82.70893371757926,3.25,102,110,480440.1477640273
z,0.8,0.45,,,,losing,500157.501539884,929,57685.550004928606,81.3778256189451,2.0,86,139,479967.55903815903
z,0.5,0.4,,,,losing,498743.67709302023,1457,59773.13886276525,75.36032944406314,1.0,85,129,477823.0784910524
percentile,,,30,90.0,0.2,off,489381.1029583661,715,59160.2461109375,66.57342657342657,0.5,70,0,468675.01681953797
z,1.0,0.45,,,,losing,488606.18598289066,638,62167.15414418127,79.78056426332289,4.5,114,124,466847.6820324272
z,0.9,0.45,,,,losing,488095.7266540455,764,64368.90612491976,80.10471204188482,3.0,102,142,465566.6095103236
percentile,,,30,92.0,0.2,off,484498.8313279801,600,58267.137032904255,70.5,0.75,65,0,464105.3333664636
percentile,,,30,93.0,0.2,off,482021.4417526543,543,55937.142893536424,72.55985267034991,0.75,64,0,462443.44173991657
z,1.1,0.6,,,,losing,485847.935919898,649,73559.93080525506,81.66409861325116,3.75,102,113,460101.9601380587
z,0.95,0.45,,,,losing,480834.71801446646,693,60343.7299923676,79.50937950937951,4.0,103,136,459714.4125171378
z,1.05,0.5,,,,losing,482031.0972908898,622,75525.63109263335,80.38585209003216,4.5,109,120,455597.1264084682
z,1.0,0.4,,,,losing,476814.9887071666,611,69656.3240311588,78.39607201309329,6.0,117,128,452435.275296261
z,1.05,0.55,,,,losing,474309.34997489717,657,71769.9514797366,81.27853881278538,4.0,105,116,449189.86695698934
z,0.9,0.4,,,,losing,468890.7790776424,727,65456.490395511,78.2668500687758,4.0,103,152,445981.0074392136
z,0.55,0.45,,,,losing,464549.09438306687,1490,65380.88765049898,74.76510067114094,0.75,88,122,441665.7837053922
percentile,,,30,95.0,0.2,off,453848.47942953557,428,54658.913910656585,77.10280373831776,1.0,62,0,434717.8595608058
z,0.95,0.4,,,,losing,455433.36995484796,662,65621.900468123,77.64350453172206,4.75,104,144,432465.7047910049
z,0.8,0.4,,,,losing,455221.9203615482,858,65098.32094122656,80.18648018648018,2.25,91,150,432437.5080321189
percentile,,,60,90.0,0.2,off,441433.7884762848,421,43389.83197161363,80.04750593824228,1.25,55,0,426247.34728622006
z,1.1,0.55,,,,losing,448049.79554154334,618,73559.93080525506,79.6116504854369,4.5,108,120,422303.81975970406
z,0.55,0.5,,,,losing,446641.90989705035,1692,69682.71136569993,70.2127659574468,0.75,88,116,422252.9609190554
z,1.1,0.5,,,,losing,446230.35942276166,584,76729.64977780166,78.25342465753425,5.75,113,125,419374.98200053105
percentile,,,30,97.0,0.2,off,434563.7232236435,293,54658.913910656585,81.91126279863481,2.5,57,0,415433.1033549137
z,0.5,0.45,,,,losing,435179.6243079708,1688,58423.81295590452,70.31990521327015,0.75,84,123,414731.28977340425
percentile,,,60,92.0,0.2,off,429493.75002054876,347,43120.89158512454,82.13256484149856,1.5,51,0,414401.4379657552
z,0.65,0.35,,,,losing,451141.70278179966,828,107077.89927811534,80.07246376811594,2.25,80,133,413664.4380344593
z,0.85,0.35,,,,losing,438727.9852171189,649,84290.61085420937,75.96302003081664,4.5,94,147,409226.2714181456
percentile,,,90,90.0,0.2,off,421222.7827974801,321,50741.9700432877,87.85046728971963,1.75,51,0,403463.09328232944
z,0.7,0.35,,,,losing,434991.86960113735,789,95526.57474755554,79.59442332065906,2.25,82,135,401557.5684394929
percentile,,,60,93.0,0.2,off,414900.1761699023,319,42993.864430764865,83.38557993730407,1.5,50,0,399852.3236191346
percentile,,,30,97.0,0.4,off,404003.44766734785,437,47406.263553020835,61.327231121281464,0.5,54,0,387411.25542379054
z,0.7,0.3,,,,losing,421782.97385409096,712,100657.9648904682,78.37078651685393,2.75,82,138,386552.6861424271
percentile,,,30,97.0,0.3,off,404217.31866560207,364,54658.91391065653,69.23076923076923,0.75,51,0,385086.6987968723
z,1.05,0.45,,,,losing,411387.78103486553,580,75525.63109263337,78.27586206896552,5.75,116,126,384953.8101524439
percentile,,,30,93.0,0.2,always,394618.65451762086,654,39420.18196896126,65.90214067278288,1.75,151,151,380821.5908284844
percentile,,,30,95.0,0.3,off,399981.1184008594,531,55085.6517315543,61.5819209039548,0.5,54,0,380701.1402948154
z,0.65,0.3,,,,losing,419976.4583355303,744,113079.61952601382,79.03225806451613,2.75,83,137,380398.5915014255
z,0.85,0.3,,,,losing,412656.08316674386,586,100298.47271785453,74.40273037542661,5.0,91,146,377551.61771549477
percentile,,,90,92.0,0.2,off,395154.3937429945,261,50741.9700432877,89.272030651341,1.75,47,0,377394.70422784385
percentile,,,30,95.0,0.4,off,392683.60168107325,633,48441.80376089009,55.13428120063191,0.25,58,0,375728.9703647617
percentile,,,60,92.0,0.3,off,389253.85550238536,504,46633.92694070691,60.317460317460316,0.5,47,0,372931.98107313795
percentile,,,30,92.0,0.3,off,391773.016562219,753,59050.04062754364,57.76892430278885,0.25,56,0,371105.5023425787
percentile,,,120,90.0,0.3,off,387919.14545093675,385,52645.684068890434,66.75324675324676,0.75,48,0,369493.1560268251
percentile,,,60,93.0,0.3,off,384857.5851844009,459,45245.791990546364,63.39869281045752,0.5,45,0,369021.55798770965
percentile,,,60,95.0,0.2,off,384384.48559849063,239,45066.33314416482,89.5397489539749,2.5,44,0,368611.26899803296
percentile,,,30,93.0,0.3,off,386642.69457488356,679,56720.04648817581,58.468335787923415,0.25,56,0,366790.678304022
percentile,,,30,95.0,0.2,always,377849.74903247517,541,42997.12244661595,68.39186691312385,3.25,150,150,362800.7561761596
percentile,,,90,93.0,0.2,off,380152.9335537753,232,49720.89897089606,88.79310344827586,2.0,46,0,362750.6189139617
z,1.05,0.4,,,,losing,389097.13814564137,558,78824.21477444672,76.70250896057348,8.375,121,130,361508.662974585
percentile,,,60,90.0,0.3,off,375611.9436036044,594,50906.85845731759,55.89225589225589,0.5,50,0,357794.54314354324
percentile,,,30,92.0,0.4,off,376778.4794786476,861,54764.39199883072,52.72938443670151,0.25,59,0,357610.9422790568
percentile,,,60,95.0,0.3,off,371976.6224128612,343,44485.930631133844,69.09620991253644,0.5,40,0,356406.5466919644
percentile,,,30,93.0,0.5,off,372697.00028656394,895,47311.21916526294,53.5195530726257,0.25,50,0,356138.0735787219
percentile,,,30,93.0,0.4,off,372350.33994484134,783,52434.397859462886,52.490421455938694,0.25,58,0,353998.3006940293
percentile,,,90,95.0,0.2,off,370827.7062744114,165,49720.89897089606,90.9090909090909,5.5,43,0,353425.3916345978
percentile,,,30,90.0,0.3,off,371652.23044892127,885,58016.323085573385,54.01129943502825,0.25,58,0,351346.51736897056
percentile,,,30,92.0,0.5,off,364601.7780884154,984,49641.21330463077,52.947154471544714,0.25,52,0,347227.3534317946
percentile,,,30,95.0,0.5,off,364185.04671719484,706,49001.52059489448,55.6657223796034,0.25,53,0,347034.5145089818
percentile,,,120,90.0,0.2,off,365943.4977099367,227,54416.9666902459,88.54625550660793,3.25,52,0,346897.55936835066
z,1.1,0.45,,,,losing,373404.1829521293,550,76729.64977780166,76.0,7.0,119,132,346548.80552989873
percentile,,,30,97.0,0.5,off,362948.0430613117,491,47561.57727530296,60.28513238289206,0.25,49,0,346301.4910149557
percentile,,,30,92.0,0.2,always,361743.5450039403,712,45304.138803732174,64.46629213483146,1.5,151,151,345887.09642263403
percentile,,,30,97.0,0.2,always,358493.32560677105,393,39367.62516217108,68.95674300254453,11.75,137,137,344714.6568000112
percentile,,,120,90.0,0.4,off,359357.87796587107,500,54905.1751254901,58.4,0.25,48,0,340141.0666719495
percentile,,,90,92.0,0.3,off,357892.6551550845,421,52095.38421860285,69.35866983372921,0.5,42,0,339659.2706785735
percentile,,,90,90.0,0.3,off,356937.5499980491,519,51459.37462142628,63.969171483622354,0.5,45,0,338926.76888054993
percentile,,,90,95.0,0.3,off,356305.13244683295,248,50004.84815325122,77.01612903225806,1.0,43,0,338803.435593195
percentile,,,30,97.0,0.4,always,349324.43170675,515,37351.86063391168,56.89320388349515,0.75,112,112,336251.2804848809
percentile,,,90,93.0,0.3,off,353419.1979683678,366,50984.56562012245,72.1311475409836,0.5,43,0,335574.6000013249
z,0.75,0.35,,,,losing,368365.2106132937,728,98885.69236336552,77.47252747252747,2.75,89,145,333755.21828611573
percentile,,,60,97.0,0.2,off,348206.1844504961,170,42247.72350217984,91.17647058823529,4.375,40,0,333419.4812247332
percentile,,,30,97.0,0.3,always,346586.09502238245,455,39367.62516217108,61.97802197802198,2.75,123,123,332807.4262156226
percentile,,,30,90.0,0.4,off,349697.0847726379,1017,53658.16805207118,51.32743362831859,0.25,61,0,330916.725954413
percentile,,,120,92.0,0.3,off,343572.6497931857,305,52645.684068890434,71.80327868852459,0.75,43,0,325146.66036907403
z,1.0,0.3,,,,losing,360285.693011157,461,100680.87077215117,73.10195227765726,10.75,113,122,325047.3882409041
percentile,,,60,97.0,0.3,off,338376.39774459455,243,44215.701879606175,73.25102880658436,0.75,36,0,322900.9020867324
percentile,,,90,97.0,0.2,off,339957.35631291755,121,49244.9867938387,91.73553719008264,10.5,40,0,322721.610935074
percentile,,,30,95.0,0.4,always,336426.3593474714,719,41291.48810199712,52.71210013908206,0.5,120,120,321974.3385117724
percentile,,,90,95.0,0.4,off,338770.54504983715,320,47993.81790718,58.125,0.25,45,0,321972.70878232416
z,0.75,0.3,,,,losing,357836.4225238069,664,103275.28289408598,76.355421686747,3.5,85,147,321690.07351087686
z,0.9,0.35,,,,losing,345634.94967378717,595,82543.3377847899,73.94957983193277,5.5,104,151,316744.7814491107
percentile,,,120,92.0,0.4,off,333910.6736374212,419,52645.684068890434,61.575178997613364,0.25,42,0,315484.68421330955
z,1.0,0.35,,,,losing,342875.9003781666,506,82420.21650003466,74.11067193675889,10.25,118,128,314028.82460315444
percentile,,,90,97.0,0.4,off,330341.16068136826,201,47517.90573012261,73.13432835820896,0.75,40,0,313709.8936758253
z,1.1,0.4,,,,losing,341408.9098785442,530,80028.23345961503,73.9622641509434,10.0,125,138,313399.028167679
percentile,,,30,90.0,0.5,off,331592.23252029315,1164,56109.29729860595,51.3745704467354,0.25,50,0,311953.9784657811
percentile,,,30,95.0,0.3,always,326250.64556351455,631,42997.12244661595,57.210776545166404,0.75,131,131,311201.652707199
percentile,,,90,95.0,0.2,always,323010.3287013722,264,41739.458525906,71.96969696969697,28.125,124,126,308401.5182173051
percentile,,,60,97.0,0.2,always,318980.85894702695,271,51357.20180837315,71.21771217712177,34.5,128,128,301005.8383140963
percentile,,,60,97.0,0.4,off,315025.7136302408,302,41652.41925825071,66.55629139072848,0.5,36,0,300447.3668898531
percentile,,,30,97.0,0.5,always,313573.3160442641,561,38321.40747197968,57.040998217468804,0.5,99,99,300160.8234290712
percentile,,,30,95.0,0.5,always,314562.14723891416,781,41873.18311419239,53.905249679897565,0.25,106,106,299906.5331489468
percentile,,,120,90.0,0.5,off,322167.21911784087,570,64906.08489068669,53.50877192982456,0.25,43,0,299450.0894061005
percentile,,,30,90.0,0.2,always,318726.45207021316,829,56562.0433984939,61.158021712907114,1.0,158,158,298929.73688074027
percentile,,,30,93.0,0.5,always,315429.7845899869,971,50498.53280800363,52.21421215242019,0.25,105,105,297755.29810718563
percentile,,,90,97.0,0.3,off,313649.60924239503,150,49244.9867938387,85.33333333333333,2.375,39,0,296413.8638645515
percentile,,,90,90.0,0.2,always,311222.2153807371,438,46632.00425017039,72.8310502283105,6.25,110,149,294901.01389317744
percentile,,,60,95.0,0.4,off,312236.8566652286,451,50421.50203260849,56.98447893569845,0.25,40,0,294589.33095381566
percentile,,,60,97.0,0.3,always,310448.54575634626,340,48170.00924206315,63.8235294117647,10.25,122,122,293589.0425216241
percentile,,,120,92.0,0.2,off,312278.6986038587,182,54416.9666902459,88.46153846153847,4.75,46,0,293232.76026227267
percentile,,,120,93.0,0.3,off,311344.0706751752,261,52645.68406889046,75.86206896551724,1.0,41,0,292918.0812510635
percentile,,,60,93.0,0.2,always,310111.59773082257,427,50755.816778727545,69.08665105386417,8.75,133,140,292347.06185826793
z,0.8,0.3,,,,losing,325569.5574310805,614,101103.16447509578,75.7328990228013,4.375,91,144,290183.44986479694
percentile,,,120,93.0,0.4,off,308539.5061339662,374,52645.68406889045,63.63636363636363,0.25,38,0,290113.51670985454
z,0.8,0.35,,,,losing,322269.89572074334,682,97390.72827670572,76.53958944281526,3.5,91,148,288183.14082389633
percentile,,,90,95.0,0.3,always,301674.5833220152,342,41739.458525906,66.08187134502924,5.625,122,124,287065.7728379481
percentile,,,120,95.0,0.3,off,301142.2513422132,195,52645.684068890434,82.56410256410257,1.5,39,0,282716.2619181015
percentile,,,120,95.0,0.4,off,299066.66744304827,279,52797.84088771073,67.38351254480287,0.5,37,0,280587.4231323495
percentile,,,60,93.0,0.4,off,300275.0127433559,564,60479.85683541937,50.88652482269504,0.25,40,0,279107.06285095913
percentile,,,30,93.0,0.3,always,294794.0195070042,779,45980.84925819331,55.198973042362006,0.5,133,133,278700.7222666365
percentile,,,120,90.0,0.2,always,298484.86762439087,360,57885.92688126731,68.88888888888889,18.75,124,161,278224.79321594734
percentile,,,60,92.0,0.4,off,300150.0441365212,614,70381.72721235141,49.8371335504886,0.25,40,0,275516.43961219816
percentile,,,90,95.0,0.5,off,291349.0084733062,361,47993.81790717997,54.016620498614955,0.25,39,0,274551.1722057932
percentile,,,90,93.0,0.4,off,290221.5305969157,452,51452.90830371986,56.415929203539825,0.25,46,0,272213.01269061374
percentile,,,60,97.0,0.4,always,288521.21950296377,393,47982.096293567454,60.30534351145038,1.0,115,115,271727.48580021516
percentile,,,60,92.0,0.2,always,292337.2036607672,456,59201.266971454024,68.42105263157895,5.875,132,141,271616.76022075827
percentile,,,120,92.0,0.5,off,289738.61319419474,483,52645.68406889045,56.52173913043478,0.25,39,0,271312.62377008307
percentile,,,60,90.0,0.2,always,291965.6042448607,532,59219.52278566998,68.796992481203,3.0,132,146,271238.7712698762
percentile,,,60,95.0,0.2,always,288225.16985935764,343,50617.11365247547,71.7201166180758,16.0,130,130,270509.18008099124
percentile,,,90,93.0,0.2,always,288978.75548272784,340,53836.1303938974,71.76470588235294,15.625,127,136,270136.10984486376
percentile,,,30,93.0,0.4,always,284720.42477802944,869,46027.6948315847,50.63291139240506,0.25,121,121,268610.7315869748
percentile,,,120,97.0,0.4,always,280726.28005414346,259,42382.830928725976,66.40926640926641,14.0,109,110,265892.2892290894
percentile,,,90,92.0,0.4,off,284925.5162413234,504,59213.79969026838,56.54761904761905,0.25,44,0,264200.6863497294
percentile,,,90,97.0,0.5,off,279870.52947192854,231,47517.90573012261,64.93506493506493,0.5,34,0,263239.2624663856
percentile,,,90,92.0,0.2,always,276641.8781585262,371,41681.85201986192,73.04582210242587,12.25,120,139,262053.22995157453
percentile,,,90,95.0,0.4,always,276705.8272812553,406,43148.00750036347,53.44827586206897,0.5,113,115,261604.02465612805
percentile,,,60,93.0,0.3,always,274824.3149517806,563,47033.46497981707,56.48312611012433,0.75,126,134,258362.60220884462
percentile,,,120,97.0,0.3,always,270246.4695207366,216,41216.38617022184,69.9074074074074,48.25,114,115,255820.73436115895
percentile,,,120,97.0,0.4,off,273972.9485214908,176,52645.68406889045,76.13636363636364,0.75,37,0,255546.95909737912
percentile,,,60,97.0,0.5,off,270690.2549056606,359,44223.35856834836,55.43175487465181,0.25,35,0,255212.07940673866
percentile,,,30,92.0,0.5,always,274335.2650133524,1059,56055.34283778011,51.652502360717655,0.25,104,104,254715.89502012933
percentile,,,60,95.0,0.3,always,270581.14390652074,442,45551.95498688881,60.633484162895925,2.0,123,123,254637.95966110966
percentile,,,30,92.0,0.3,always,272482.1298559368,853,52113.47569401891,54.74794841735053,0.5,132,132,254242.41336303018
percentile,,,120,93.0,0.2,off,272337.41130627826,157,54416.9666902459,88.53503184713375,6.0,42,0,253291.4729646922
percentile,,,120,97.0,0.3,off,268807.8229616909,126,52645.684068890434,85.71428571428571,4.25,37,0,250381.83353757925
percentile,,,120,95.0,0.5,off,267368.2593910864,337,52969.12805966889,59.347181008902076,0.25,37,0,248829.0645702023
percentile,,,120,90.0,0.3,always,268403.1240105313,499,58992.47828664638,58.11623246492986,2.0,112,146,247755.75661020505
percentile,,,120,93.0,0.5,off,265371.8224267715,440,52645.68406889045,57.27272727272727,0.25,37,0,246945.83300265984
percentile,,,120,95.0,0.3,always,261785.1526591731,297,44557.39999620848,68.01346801346801,15.75,119,125,246190.06266050012
percentile,,,90,93.0,0.3,always,264331.4218778336,467,53836.1303938974,63.59743040685225,1.25,122,130,245488.7762399695
percentile,,,120,97.0,0.5,always,261732.56708392827,292,48296.01600773788,59.93150684931507,2.375,103,104,244828.96148122
z,0.95,0.35,,,,losing,271968.2464514002,516,82440.58751881123,73.06201550387597,8.5,99,136,243114.0408198163
percentile,,,60,90.0,0.4,off,271343.0361087135,704,81344.11331180275,45.02840909090909,0.25,42,0,242872.59644958252
percentile,,,30,92.0,0.4,always,262566.3503164664,947,61171.534871777614,50.79197465681098,0.25,120,120,241156.31311134424
percentile,,,90,97.0,0.4,always,253977.4790341609,280,39677.92112412487,63.57142857142857,10.0,107,107,240090.2066407172
percentile,,,60,92.0,0.3,always,259920.14356137993,607,56749.65249812303,54.200988467874794,0.75,123,133,240057.76518703686
percentile,,,120,95.0,0.2,off,258091.6845142495,123,54416.9666902459,88.6178861788618,11.0,37,0,239045.74617266344
z,0.95,0.3,,,,losing,271474.6728160858,468,101437.32276753077,71.15384615384616,9.0,95,133,235971.60984745005
percentile,,,120,95.0,0.4,always,252132.91588934595,373,46693.17645852329,59.24932975871314,1.5,110,116,235790.3041288628
percentile,,,90,93.0,0.5,off,255540.30736289202,497,57744.062135721775,52.313883299798796,0.25,38,0,235329.88561538942
percentile,,,90,90.0,0.3,always,251723.95705044726,625,48213.20905255679,58.24,0.75,102,137,234849.3338820524
percentile,,,90,97.0,0.2,always,247949.19911854694,211,38587.984878425676,69.19431279620854,48.25,119,119,234443.40441109796
percentile,,,90,90.0,0.4,off,259779.0891268758,614,72989.1689482916,51.465798045602604,0.25,46,0,234232.87999497374
percentile,,,90,92.0,0.3,always,247705.03163096603,523,42720.07626685451,62.7151051625239,1.0,113,129,232753.00493756696
percentile,,,120,97.0,0.5,off,249882.9739903129,212,52645.68406889045,65.09433962264151,0.5,34,0,231456.98456620122
percentile,,,60,97.0,0.5,always,248482.88218361523,444,52736.09477813894,52.252252252252255,0.375,110,110,230025.2490112666
percentile,,,90,95.0,0.5,always,245169.29265860916,446,46942.473791629774,51.12107623318386,0.5,107,109,228739.42683153873
percentile,,,90,92.0,0.5,off,246523.57649793557,550,63232.035384756666,51.45454545454545,0.25,36,0,224392.36411327074
percentile,,,120,97.0,0.2,always,238433.6666213244,182,41216.38617022184,67.58241758241758,48.25,119,120,224007.93146174675
percentile,,,90,97.0,0.3,always,228416.9263297064,239,38841.719566485524,68.61924686192468,39.0,117,117,214822.32448143646
percentile,,,120,92.0,0.2,always,233728.3416142174,317,56953.80978992942,64.66876971608833,21.75,127,162,213794.50818774212
percentile,,,120,92.0,0.3,always,231540.4277014697,421,58556.10341927668,59.857482185273156,4.5,113,144,211045.79150472287
percentile,,,60,90.0,0.3,always,232037.14984394773,698,60518.91350886025,51.146131805157594,0.5,124,138,210855.53011584663
percentile,,,60,95.0,0.5,off,234711.08607927628,514,68933.27356675485,44.747081712062254,0.25,37,0,210584.4403309121
percentile,,,120,90.0,0.4,always,235552.9800935388,598,75952.50793567291,53.01003344481605,0.5,101,130,208969.60231605326
z,1.05,0.3,,,,losing,246400.82947347674,397,111823.05333893158,71.03274559193954,11.5,104,114,207262.7608048507
percentile,,,120,92.0,0.4,always,227287.83600521774,521,61291.70270459479,54.510556621881,0.5,99,128,205835.74005860958
percentile,,,90,97.0,0.5,always,219792.80532384684,309,43722.907215869884,58.25242718446602,2.5,101,101,204489.78779829238
percentile,,,120,95.0,0.2,always,216256.5986798421,235,44557.39999620846,65.53191489361703,48.25,128,134,200661.50868116916
percentile,,,60,93.0,0.5,off,225224.19935273845,608,75388.77784916713,44.57236842105263,0.25,36,0,198838.12710552994
percentile,,,120,95.0,0.5,always,215012.77088692976,427,49532.5302574611,54.332552693208434,0.5,106,112,197676.3852968184
percentile,,,120,93.0,0.3,always,214307.264427666,374,47522.01295791878,62.29946524064171,7.5,111,137,197674.55989239443
percentile,,,120,97.0,0.2,off,214298.71111338088,83,54416.96669024593,87.95180722891567,19.0,34,0,195252.77277179481
percentile,,,120,93.0,0.4,always,215677.9798105662,473,61173.72435065835,56.23678646934461,0.5,97,122,194267.17628783578
z,1.05,0.35,,,,losing,220757.02907531138,430,99266.14834032467,71.86046511627907,10.875,112,120,186013.87715619773
percentile,,,30,90.0,0.3,always,212740.20207406077,987,80638.01535624097,51.671732522796354,0.25,136,136,184516.89669937643
percentile,,,90,90.0,0.5,off,215509.4557169647,656,91988.91788675115,46.49390243902439,0.25,38,0,183313.3344566018
percentile,,,120,90.0,0.5,always,206386.68050414376,660,68249.75184737606,49.84848484848485,0.25,89,118,182499.26735756214
percentile,,,60,95.0,0.4,always,202746.54008831325,544,60332.05848156329,52.38970588235294,0.5,116,116,181630.3196197661
percentile,,,60,93.0,0.4,always,202712.6762748708,659,62267.529824690064,47.192716236722305,0.25,112,117,180919.04083622928
percentile,,,60,92.0,0.5,off,213653.0731119963,650,94404.1631640241,44.92307692307692,0.25,36,0,180611.61600458785
percentile,,,120,92.0,0.5,always,199274.6277021688,581,59512.341956148826,51.63511187607573,0.25,90,119,178445.3080175167
percentile,,,120,93.0,0.2,always,189363.09023121302,283,47522.01295791878,64.31095406360424,24.25,123,152,172730.38569594146
percentile,,,90,93.0,0.4,always,193412.5595679382,544,60696.20427345895,52.02205882352941,0.25,115,123,172168.8880722276
z,1.1,0.3,,,,losing,206460.26614263834,378,107718.94799753593,68.25396825396825,13.125,108,119,168758.63434350077
percentile,,,120,93.0,0.5,always,184912.65166976958,535,63143.53820956431,52.52336448598131,0.25,91,116,162812.41329642208
percentile,,,60,92.0,0.4,always,185408.01919424415,710,66777.28026738692,46.19718309859155,0.25,108,116,162035.97110065873
percentile,,,90,93.0,0.5,always,180649.92352651653,588,57780.03707474393,50.0,0.25,106,114,160426.91055035614
percentile,,,90,92.0,0.4,always,174927.88687637568,596,53342.02835533506,53.18791946308725,0.25,106,122,156258.1769520084
percentile,,,30,90.0,0.5,always,193314.73660891716,1239,107162.56404659079,49.95964487489911,0.25,105,105,155807.83919261038
z,1.1,0.35,,,,losing,191316.95002643263,412,101794.35342203054,68.93203883495146,11.75,115,127,155688.92632872195
percentile,,,30,90.0,0.4,always,179948.71853743133,1103,110525.92521577988,49.32003626473255,0.25,126,126,141264.64471190836
percentile,,,60,90.0,0.5,off,181692.5375013927,731,115555.38491194695,41.86046511627907,0.25,38,0,141248.15278221128
percentile,,,90,90.0,0.4,always,161217.98324799832,710,60755.77651424593,48.59154929577465,0.25,94,127,139953.46146801225
percentile,,,90,92.0,0.5,always,157877.27450124695,640,62696.09902702401,49.84375,0.25,94,110,135933.63984178856
percentile,,,30,90.0,0.2,losing,140889.97441392372,774,60449.71021450701,56.33074935400517,1.0,137,137,119732.57583884627
percentile,,,60,93.0,0.5,always,142095.84642686936,699,82818.07150977965,42.63233190271817,0.25,105,110,113109.5213984465
percentile,,,60,90.0,0.4,always,132579.68772415814,799,83672.63156327537,42.30287859824781,0.25,109,119,103294.26667701176
percentile,,,60,95.0,0.5,always,130178.00448798004,602,89353.84904307274,42.857142857142854,0.25,109,109,98904.15732290459
z,0.9,0.3,,,,losing,124051.65963963798,399,92074.16024672604,74.18546365914787,4.5,72,100,91825.70355328386
percentile,,,90,90.0,0.5,always,122330.25758810424,747,87977.6729816271,44.84605087014726,0.25,82,114,91538.07204453475
percentile,,,60,92.0,0.5,always,119958.60577135894,743,89976.10459728337,42.934051144010766,0.25,99,108,88466.96916230976
percentile,,,30,93.0,0.2,losing,72596.46848361386,581,73617.32420781306,57.48709122203098,1.25,126,126,46830.405010879294
percentile,,,60,90.0,0.5,always,83585.47169750529,823,116199.08245436537,40.46172539489672,0.25,97,107,42915.792838477406
percentile,,,30,92.0,0.2,losing,61819.99287852777,659,80554.31980113969,57.359635811836114,1.0,134,134,33625.98094812888
percentile,,,30,90.0,0.5,losing,78627.92059041499,1127,181587.860230027,47.91481810115351,0.25,81,81,15072.169509905543
percentile,,,30,95.0,0.3,losing,16666.880061569893,413,75058.49977318314,50.12106537530266,0.25,35,35,-9603.594859044206
percentile,,,30,97.0,0.5,losing,12121.417756674513,339,70097.18417807363,43.067846607669615,0.25,26,26,-12412.596705651256
percentile,,,30,90.0,0.3,losing,30488.319969054184,881,151692.53315464634,46.76503972758229,0.25,108,108,-22604.06663507203
percentile,,,60,92.0,0.2,losing,-3125.290066074689,301,61372.31831556029,72.75747508305648,1.5,43,46,-24605.601476520787
percentile,,,60,95.0,0.2,losing,-3232.0488360082672,202,71740.9039493755,76.23762376237623,2.25,40,40,-28341.36521828969
percentile,,,30,90.0,0.4,losing,25894.145186390586,999,184376.8932214561,46.346346346346344,0.25,101,101,-38637.76744111904
percentile,,,60,90.0,0.3,losing,4260.93309934713,365,128158.40105469609,49.04109589041096,3.25,93,99,-40594.5072697965
percentile,,,30,95.0,0.4,losing,-23064.306889918793,469,75058.49977318314,40.085287846481876,0.25,32,32,-49334.78181053289
percentile,,,30,95.0,0.2,losing,-22281.45047395867,382,84998.27325274283,61.78010471204188,1.0,71,71,-52030.84611241866
percentile,,,90,90.0,0.2,losing,-29545.491633171838,366,86630.8791078549,60.92896174863388,3.5,96,119,-59866.299320921054
percentile,,,30,95.0,0.5,losing,-32335.02446681504,481,81440.68859691189,40.54054054054054,0.25,28,28,-60839.265475734195
percentile,,,60,90.0,0.4,losing,-8726.676974256858,727,173008.58829144516,37.96423658872077,0.25,89,94,-69279.68287626267
percentile,,,60,90.0,0.2,losing,-23959.641537526084,263,135950.90822439225,60.07604562737642,13.25,91,94,-71542.45941606336
percentile,,,30,93.0,0.3,losing,-60313.311286488904,523,78199.42810239334,46.46271510516252,0.25,35,35,-87683.11112232658
percentile,,,60,90.0,0.5,losing,-19944.601609144207,751,215140.2142361608,36.88415446071904,0.25,80,86,-95243.67659180047
percentile,,,30,97.0,0.3,losing,-61433.70477322373,171,100270.35054076205,48.538011695906434,0.25,17,17,-96528.32746249044
percentile,,,30,92.0,0.3,losing,-73047.65601358505,569,79979.13111018023,45.342706502636204,0.25,35,35,-101040.35190214812
percentile,,,90,92.0,0.3,losing,-50141.20314734198,248,154737.78787189297,51.20967741935484,3.75,69,79,-104299.42890250451
percentile,,,30,97.0,0.2,losing,-71474.52742246796,163,119380.68518618483,58.282208588957054,0.75,33,33,-113257.76723763265
percentile,,,90,92.0,0.5,losing,-53339.01703897606,324,179182.00230398565,42.592592592592595,0.5,71,83,-116052.71784537102
percentile,,,30,97.0,0.4,losing,-81082.35116154172,186,100868.63097608603,38.70967741935484,0.25,17,17,-116386.37200317183
percentile,,,120,95.0,0.4,losing,-61823.83103809903,204,170491.31681274748,41.1764705882353,2.375,70,70,-121495.79192256065
percentile,,,90,93.0,0.3,losing,-66655.45862186638,223,158113.6209372513,51.12107623318386,6.5,78,79,-121995.22594990433
percentile,,,30,93.0,0.5,losing,-92453.08716183112,584,99750.03984245562,38.6986301369863,0.25,26,26,-127365.60110669059
percentile,,,30,93.0,0.4,losing,-95384.39901527455,565,92202.83899478093,37.876106194690266,0.25,30,30,-127655.39266344788
percentile,,,90,92.0,0.4,losing,-66869.45716204951,281,178070.55041802564,44.48398576512456,0.5,64,74,-129194.14980835849
percentile,,,90,95.0,0.4,losing,-74268.00509484729,214,163329.12442612363,40.18691588785047,3.25,71,73,-131433.19864399056
percentile,,,120,97.0,0.5,losing,-91800.23492843448,107,125088.73624360946,54.205607476635514,0.5,20,21,-135581.2926136978
percentile,,,90,93.0,0.5,losing,-69256.8627242235,302,190821.09264953667,41.390728476821195,0.5,78,81,-136044.24515156134
percentile,,,120,95.0,0.5,losing,-73905.4919042122,212,179337.15160077275,41.9811320754717,1.5,67,67,-136673.49496448267
percentile,,,30,92.0,0.4,losing,-103955.27252359781,605,97832.00601199183,37.68595041322314,0.25,29,29,-138196.47462779496
percentile,,,90,95.0,0.3,losing,-84474.13240987912,171,157050.79055734375,45.6140350877193,21.0,77,79,-139441.90910494945
percentile,,,90,95.0,0.2,losing,-82849.48984233045,142,163984.07074279903,41.54929577464789,48.25,79,81,-140243.9146023101
percentile,,,90,90.0,0.3,losing,-85960.49194753217,491,157777.25381659047,47.45417515274949,0.5,84,104,-141182.53078333882
percentile,,,90,90.0,0.5,losing,-82166.42840657823,663,177166.1312287766,39.66817496229261,0.25,76,97,-144174.57433665002
percentile,,,90,95.0,0.5,losing,-82977.16620402894,252,175796.06653315364,40.476190476190474,1.0,80,82,-144505.7894906327
percentile,,,30,92.0,0.5,losing,-109536.4958806801,628,102589.41300911273,38.53503184713376,0.25,26,26,-145442.79043386955
percentile,,,90,93.0,0.4,losing,-81068.10544678228,267,189890.067761591,42.69662921348315,0.5,72,73,-147529.62916333912
percentile,,,60,92.0,0.3,losing,-112078.60442766445,297,108956.14906204684,45.11784511784512,0.25,19,21,-150213.25659938084
percentile,,,60,93.0,0.3,losing,-76777.1152665372,171,218525.60343273552,40.93567251461988,41.75,83,84,-153261.07646799463
percentile,,,60,93.0,0.2,losing,-74657.57484525382,137,227913.18434122775,42.33576642335766,48.25,72,73,-154427.18936468352
percentile,,,90,93.0,0.2,losing,-98532.81582056233,140,159903.47512741238,57.857142857142854,13.875,52,53,-154499.03211515667
percentile,,,60,95.0,0.3,losing,-111256.4527650422,222,124867.98706760805,50.9009009009009,0.25,26,26,-154960.248238705
percentile,,,120,92.0,0.4,losing,-100061.79251820783,243,173206.72822493495,39.91769547325103,1.5,59,76,-160684.14739693506
percentile,,,120,93.0,0.5,losing,-102600.99887918321,252,175245.10753147257,41.26984126984127,0.875,59,75,-163936.78651519862
percentile,,,120,93.0,0.4,losing,-104049.6899870883,238,173477.92200675127,38.65546218487395,1.25,62,78,-164766.96268945123
percentile,,,120,92.0,0.5,losing,-106642.73394655748,257,178074.09414062742,42.023346303501945,1.0,56,73,-168968.66689577707
percentile,,,120,90.0,0.3,losing,-105876.93450337226,270,181263.7519407621,42.22222222222222,2.125,67,79,-169319.247682639
percentile,,,120,93.0,0.3,losing,-110928.19561675428,203,175327.9339965444,44.33497536945813,11.5,67,84,-172292.97251554483
percentile,,,60,97.0,0.2,losing,-119421.42869362872,107,155784.28163164298,65.42056074766356,3.75,34,34,-173945.92726470376
percentile,,,120,97.0,0.2,losing,-133595.84990604993,42,128378.2225328123,42.857142857142854,48.25,22,23,-178528.22779253422
percentile,,,120,97.0,0.4,losing,-130042.32066323204,76,139358.54841530853,60.526315789473685,0.5,15,16,-178817.81260859
percentile,,,120,90.0,0.4,losing,-107615.1451359206,291,211101.51185440522,40.549828178694156,0.5,61,72,-181500.6742849624
percentile,,,120,90.0,0.5,losing,-108767.40048561287,313,211067.90336555126,42.81150159744409,0.5,54,66,-182641.1666635558
percentile,,,90,90.0,0.4,losing,-113955.58964604631,533,196900.48050054593,40.71294559099437,0.25,77,95,-182870.75782123738
percentile,,,120,97.0,0.3,losing,-138889.19254315,64,146510.13808306315,59.375,1.75,17,18,-190167.74087222212
percentile,,,120,92.0,0.2,losing,-141041.75795167827,152,145021.39620980772,50.0,18.625,49,68,-191799.24662511097
percentile,,,60,97.0,0.3,losing,-147782.53288625178,172,146302.96773336505,50.58139534883721,0.5,37,37,-198988.57159292954
percentile,,,60,92.0,0.4,losing,-152162.91849303767,304,144561.64794723963,39.14473684210526,0.25,18,20,-202759.49527457153
percentile,,,120,92.0,0.3,losing,-149246.60082519453,177,160006.5666782455,45.76271186440678,3.0,42,57,-205248.89916258043
percentile,,,60,92.0,0.5,losing,-154040.45487537712,309,146559.31682341534,39.15857605177994,0.25,15,17,-205336.2157635725
percentile,,,120,95.0,0.3,losing,-151165.42949452638,127,155745.09452569523,51.181102362204726,8.75,50,50,-205676.2125785197
percentile,,,60,95.0,0.4,losing,-154757.50535228284,242,148519.7026785714,38.84297520661157,0.25,26,26,-206739.40128978284
percentile,,,120,95.0,0.2,losing,-152741.33965708967,102,162672.97412180842,47.05882352941177,48.25,52,52,-209676.88059972262
percentile,,,60,93.0,0.4,losing,-158861.2095053873,288,153431.76325369324,38.888888888888886,0.25,20,21,-212562.32664417994
percentile,,,60,97.0,0.5,losing,-157739.3704685257,182,162698.16317501423,39.010989010989015,0.25,28,28,-214683.72757978068
percentile,,,60,97.0,0.4,losing,-165189.58414577425,181,143458.3602528053,40.88397790055249,0.25,35,35,-215400.0102342561
percentile,,,60,95.0,0.5,losing,-162743.07100648826,251,163363.77163682424,36.65338645418327,0.25,23,23,-219920.39107937674
percentile,,,60,93.0,0.5,losing,-166042.1971346503,292,166817.54570623202,38.6986301369863,0.25,18,19,-224428.33813183152
percentile,,,90,92.0,0.2,losing,-164135.18050109287,76,189707.11014444623,43.421052631578945,17.375,32,35,-230532.66905164905
percentile,,,120,93.0,0.2,losing,-165570.90137356622,165,239621.98052390662,41.21212121212121,24.25,72,91,-249438.59455693353
percentile,,,90,97.0,0.5,losing,-166897.49109830352,159,242177.29355293058,38.36477987421384,2.5,57,57,-251659.54384182923
percentile,,,90,97.0,0.2,losing,-183084.99516179544,90,254505.78291142173,38.888888888888886,48.25,54,54,-272162.019180793
percentile,,,120,90.0,0.2,losing,-206680.7722633232,122,252577.8515864574,36.885245901639344,24.25,56,67,-295083.0203185833
percentile,,,90,97.0,0.4,losing,-232460.6217564887,54,280623.13962803374,24.074074074074073,49.75,35,35,-330678.7206263005
percentile,,,90,97.0,0.3,losing,-246678.344724806,56,289431.63245905144,23.214285714285715,49.5,37,37,-347979.41608547396
